scenario_id,P80,fines_frac,oversize_frac,R95,R50_fines,R50_oversize
0,114.28051,0.14708465,0.14961149,728.30084,753.2025,337.39322
1,140.46082,0.079302154,0.22354089,355.32483,311.64813,142.30638
2,119.59017,0.1326917,0.1917245,778.6549,818.5542,366.16446
3,184.62857,0.005070423,0.4766932,627.1188,640.4805,278.86252
4,148.15808,0.093329966,0.36146986,428.649,466.9478,197.8731
5,187.67924,-7.584612e-05,0.50492996,596.64355,601.2559,262.70694
6,195.70744,-0.011818207,0.5539858,570.43744,581.2868,245.47289
7,215.23125,-0.030355819,0.65778786,288.01474,302.91376,107.21583
8,193.52649,-0.009037214,0.522833,579.1227,577.4482,247.76135
9,172.29512,0.029430907,0.42084968,677.611,695.0271,308.6337
10,107.15787,0.1580861,0.06671853,713.7366,755.3548,337.6464
11,199.40816,-0.005207385,0.578233,296.63428,314.21637,118.07105
12,115.02373,0.14891298,0.13634445,667.10626,711.45294,311.96167
13,219.06154,-0.026184805,0.68140185,470.0725,528.9861,208.78043
14,142.1378,0.10524796,0.30632204,318.64124,328.66183,145.71823
15,175.2129,0.009096776,0.39970127,617.8748,589.6671,263.8319
16,182.29073,0.01684525,0.5025652,47.63547,-3.18038,-3.5409029
17,140.05966,0.11189973,0.30563805,355.3071,375.55075,168.26176
18,192.82454,0.008570698,0.56493354,46.902546,9.255075,-5.255457
19,203.62306,-0.01638963,0.57576746,182.74326,155.4798,47.358994
20,105.54323,0.17065385,0.083361074,334.2892,288.3889,137.50037
21,213.75003,-0.034915254,0.6522761,526.8576,556.35065,222.37767
22,204.03368,-0.012988499,0.57806087,163.18225,147.14246,44.02751
23,217.06412,-0.016973488,0.6821721,236.49814,273.5589,94.367165
24,140.44026,0.0811398,0.21951045,82.43677,-19.448599,7.184187
25,160.98323,0.05437024,0.3478723,41.047474,-38.227165,-9.5477085
26,106.67825,0.16047752,0.098797426,476.45404,456.69174,210.61174
27,193.10919,0.020236235,0.5785131,30.232271,6.4361362,-2.1446016
28,115.19165,0.15135764,0.16170286,480.2008,475.66135,219.19295
29,188.13889,0.042668883,0.540042,74.36293,80.314964,22.783285
30,159.83856,0.059488438,0.3497776,53.78481,-21.761557,-0.23055436
31,131.87326,0.09647397,0.17282455,77.33035,-39.368095,2.7109358
32,160.45654,0.089719914,0.4178638,387.05954,465.1421,191.89673
33,88.97715,0.19605441,-0.033991832,155.84634,74.16012,50.257248
34,226.36713,-0.03743448,0.7147685,169.5079,183.79301,49.879578
35,224.83249,-0.03802222,0.7090189,464.02676,508.92654,197.36432
36,144.51778,0.100257695,0.3413804,689.53534,777.205,332.5093
37,217.5583,-0.024461888,0.6841928,27.604479,-1.0756131,-17.985498
38,215.06584,-0.030426458,0.6494577,477.70328,515.9037,205.32553
39,96.891335,0.18139146,0.040611755,555.1945,544.9099,256.29398
40,193.33263,-0.015720788,0.5082626,525.79974,510.29614,220.4556
41,118.67984,0.13856733,0.15292923,710.9694,761.3072,340.61307
42,164.89981,0.038599323,0.3402301,221.01883,158.51106,68.66015
43,143.62881,0.056974836,0.18467359,635.9091,575.46704,268.9701
44,175.64888,0.019508336,0.42536187,601.9594,612.8731,264.76544
45,105.95614,0.16183001,0.08289535,715.9554,739.5517,335.58115
46,168.57843,0.028150178,0.3869186,621.12164,610.7768,274.62317
47,222.21379,-0.030887477,0.69576937,255.47612,289.1945,95.766304
48,205.91595,0.0033620864,0.6521136,39.014942,26.101603,-0.45866564
49,186.54147,0.0039146775,0.4976395,173.41698,139.82974,49.715645
50,206.2057,-0.017461654,0.5692512,527.9896,549.8858,233.22182
51,117.85664,0.15050809,0.19208784,771.96936,834.57367,364.52332
52,161.4851,0.047988556,0.33671555,202.60872,151.00168,67.49007
53,150.3843,0.07294477,0.29635352,386.3385,370.58826,164.61227
54,207.94106,-0.01836728,0.60594,184.35239,171.18912,53.93696
55,209.09856,-0.024383679,0.5886397,287.4947,277.6151,102.04357
56,205.58739,-0.016726319,0.6006056,526.24176,563.9206,231.25888
57,104.80033,0.15435933,0.07594465,721.34503,742.52075,335.43854
58,178.75758,0.017905809,0.43723926,567.23376,568.7701,247.2689
59,138.58858,0.116464585,0.26528028,116.829285,74.57618,35.50618
60,213.88667,-0.022352979,0.6644256,277.63235,305.26733,107.66928
61,123.92655,0.13268767,0.17217378,302.45007,285.9022,126.76549
62,211.49333,-0.023410127,0.60921526,185.95557,170.80292,49.634872
63,164.32578,0.0345805,0.3471122,204.21886,123.209114,59.003525
64,83.4486,0.19652458,-0.032904286,792.3103,799.69403,363.85345
65,180.67535,0.0040094117,0.4290598,630.3607,617.45807,271.89166
66,133.56818,0.11415587,0.2912637,735.1482,811.6717,355.34378
67,228.21983,-0.03976789,0.72625285,159.87929,171.66199,46.470207
68,182.57475,0.009302181,0.48191255,629.8265,645.94275,278.221
69,213.49571,-0.032792404,0.6300079,248.47586,246.69955,81.708694
70,158.67796,0.042607807,0.2912062,633.4469,604.7665,276.997
71,92.32935,0.1789534,-0.005645531,763.76886,780.8612,348.77597
72,106.68504,0.170688,0.099964455,389.48505,378.72943,174.7698
73,165.58533,0.02293818,0.36184028,571.27185,543.09515,243.52057
74,193.90814,0.017541956,0.5644427,1.6346154,-36.573723,-20.702662
75,191.77371,0.0061613107,0.51830655,326.62912,323.84613,130.15395
76,119.26762,0.15524894,0.18504806,491.82785,514.80273,226.63329
77,181.86339,0.006545727,0.44636837,624.4572,615.21564,263.8441
78,189.43549,0.0195011,0.52605397,17.64371,-22.124868,-13.171946
79,155.53856,0.04548589,0.3103953,653.4199,635.4862,286.59082
80,209.14441,-0.0054792454,0.6620656,44.248356,34.623177,-0.59790206
81,146.1754,0.06353093,0.22382633,388.9527,322.32135,149.22502
82,197.53462,-0.0043941876,0.56324947,580.2676,607.2258,259.1437
83,187.5764,0.004220196,0.47364488,340.2736,311.33246,128.47609
84,103.71381,0.16277277,0.076345935,760.6588,777.2733,350.26477
85,119.41255,0.15359257,0.13981442,147.60562,119.22993,56.80902
86,128.49097,0.14542107,0.18384986,184.38644,164.04544,74.80349
87,93.629776,0.19356589,0.052081298,596.52637,596.285,275.1722
88,150.86263,0.06777766,0.28231376,49.49805,-42.528313,-12.131525
89,205.8534,-0.01260526,0.6257595,50.190998,7.5164585,-13.13238
90,137.87389,0.08833355,0.18925966,162.08003,86.18943,50.744034
91,205.64551,-0.02000928,0.59581506,307.87912,298.9836,112.02758
92,193.98776,0.020812634,0.53551227,13.146121,-32.741875,-17.259012
93,128.21565,0.12603207,0.23235284,461.27744,480.02405,208.56679
94,209.23866,-0.018618062,0.59974265,290.30704,292.65115,107.91758
95,212.99036,-0.026253603,0.62224454,303.29938,300.52856,110.41622
96,153.5824,0.08535254,0.3798876,279.16312,280.87027,118.63579
97,114.339935,0.14153947,0.12869819,707.29926,727.1244,327.80328
98,179.88367,-0.00015218477,0.40667868,531.2911,490.31775,218.80025
99,205.79436,-0.015236123,0.60392004,37.461063,-10.746756,-19.647058
100,155.43219,0.05487825,0.32099465,665.27026,677.3917,304.1198
101,132.82368,0.10186391,0.1857013,62.44269,-42.17431,-1.3489625
102,162.25745,0.028450035,0.30519247,652.7499,619.6293,282.61514
103,110.440575,0.15981299,0.123495325,744.26556,788.7349,352.48367
104,121.36336,0.12707148,0.16855522,681.77216,704.2642,315.5492
105,167.01715,0.047376353,0.40462023,48.874653,-18.343618,-4.2629795
106,212.27206,-0.01756011,0.63646406,274.50284,298.56885,107.335594
107,138.28093,0.12163125,0.270298,322.99817,357.85162,153.91864
108,216.88138,-0.030527204,0.63831383,546.07623,581.8023,237.9856
109,171.99419,0.027642919,0.400242,195.75137,138.18008,59.027443
110,212.86906,-0.018303875,0.6314534,149.72253,149.62718,39.750984
111,213.74998,-0.03057114,0.62330055,190.35233,172.29268,51.058746
112,133.9728,0.11793605,0.24822806,406.71442,416.11142,183.68156
113,99.401245,0.16553247,0.029772324,481.86606,456.7548,212.22145
114,211.87753,-0.013529862,0.6637283,42.059666,7.1522923,-11.24209
115,179.26253,0.01561815,0.437447,522.97974,532.07294,233.104
116,128.25685,0.11837408,0.19732524,404.68256,402.31696,181.81342
117,101.75281,0.16652463,0.0341417,315.19,265.88962,125.67562
118,130.18979,0.1338666,0.22927208,285.03046,294.57077,130.00735
119,196.56358,0.007437934,0.5507676,164.81325,162.43298,54.42379
120,173.49,0.031308047,0.42014048,50.657856,-31.446218,-9.968775
121,150.87482,0.06317136,0.28880274,46.145695,-56.04519,-8.958994
122,172.33978,0.033913277,0.44704202,52.417194,1.1003512,0.046499472
123,128.4363,0.1292498,0.250328,529.65234,570.9776,252.40828
124,228.35443,-0.044084348,0.7080669,269.25162,293.0269,98.921074
125,223.89449,-0.036594138,0.6997417,155.08685,146.42232,38.95228
126,143.46709,0.06407204,0.2307568,718.8956,703.45355,319.8322
127,127.309784,0.12723643,0.21812044,394.45322,388.67535,172.79451
128,203.4819,-0.023389935,0.56504875,295.73337,270.19644,101.82306
129,175.5248,0.018762292,0.44216517,590.5742,599.6484,260.599
130,218.62798,-0.024535954,0.6735174,171.2571,186.49571,51.61393
131,181.1806,0.03540992,0.47942847,46.91657,6.930399,4.6743145
132,152.82298,0.05718453,0.25340685,194.16278,118.017494,58.465767
133,177.00266,0.057647996,0.5000236,232.86783,284.32718,108.653534
134,197.78004,-0.02067668,0.5423932,564.5307,562.9698,237.45543
135,202.00587,-0.0034126334,0.56196505,173.8779,166.56456,54.240616
136,210.34546,-0.018304177,0.6000364,285.4665,284.45752,105.21901
137,138.2297,0.11328885,0.31580615,680.7073,755.8345,327.49704
138,108.887665,0.1557497,0.081514075,378.9253,354.3279,160.09698
139,188.05397,-0.008105154,0.4669239,541.3615,525.2844,227.89067
140,200.1802,-0.01857606,0.5533975,178.91243,139.2946,42.842377
141,128.89151,0.10118575,0.14828704,38.30585,-81.76226,-16.324854
142,179.50961,0.011078329,0.42809036,310.25064,258.22437,111.02759
143,134.4671,0.12086457,0.23998462,652.75757,723.1114,314.60162
144,186.66634,0.013533358,0.49020627,190.25645,165.16943,62.97888
145,159.26228,0.046965364,0.3328928,46.114597,-64.15185,-17.544535
146,101.82508,0.16486494,0.053227436,475.81683,445.2204,209.78525
147,203.7745,-0.009631387,0.5755807,514.8512,536.92914,225.44069
148,126.95422,0.12414581,0.22882704,710.56934,762.8866,337.46606
149,196.43706,0.016578173,0.5826523,19.104586,-14.808645,-12.704584
150,130.07794,0.13197912,0.2310534,352.21042,353.8561,152.16682
151,208.19894,-0.023164503,0.59003276,576.52075,601.8666,252.64151
152,180.01349,0.005272628,0.39840525,293.58963,229.11736,98.468315
153,148.68742,0.06790907,0.25604153,40.589603,-58.781822,-13.579279
154,157.27188,0.051135313,0.31571263,616.4456,620.58234,278.70697
155,216.81444,-0.029709302,0.6589047,510.93857,558.6288,223.34126
156,104.74882,0.1651131,0.06096835,105.06668,18.385721,20.684935
157,175.92918,0.027883139,0.43632647,191.46477,164.1088,64.78575
158,107.417984,0.16483565,0.0830936,425.8673,430.74457,195.08275
159,224.2368,-0.035022885,0.6979036,262.1352,292.88318,98.1406
160,167.11092,0.030611994,0.3672306,654.56573,656.90204,291.38266
161,121.086586,0.13702618,0.19784226,720.2362,777.22064,345.0031
162,200.59656,-0.0113681955,0.56122684,551.979,575.1543,242.03143
163,83.342674,0.19784915,-0.041669626,753.7598,739.58105,344.01343
164,144.29393,0.07817088,0.2765869,50.837666,-38.813866,-2.706415
165,98.4556,0.18175931,0.024489148,121.70888,37.99256,31.151915
166,165.14622,0.04449007,0.37557727,44.68453,-32.9038,-9.128443
167,127.05344,0.11609204,0.18935539,710.90094,751.1629,328.69522
168,186.5676,0.0267949,0.49069762,-4.195371,-67.95104,-30.673487
169,193.52385,0.0043575997,0.51381403,178.41583,156.70264,55.908882
170,215.15219,-0.025078945,0.6742393,446.66064,496.00375,193.2517
171,184.68518,0.013682493,0.46511775,303.1751,285.71118,115.972466
172,145.79016,0.05152201,0.20078136,622.10925,561.1137,256.7153
173,201.41725,-0.016844623,0.5451113,330.75522,307.0728,120.92301
174,193.20268,-0.005775477,0.5161896,170.07344,135.1394,43.199265
175,198.07878,-0.0023980767,0.57363194,29.698885,-17.58721,-19.557123
176,125.00106,0.14251363,0.18132757,161.00516,125.588295,63.823067
177,139.21045,0.10745092,0.2778863,95.81665,41.947884,25.884665
178,132.6088,0.09982167,0.15874939,232.14445,161.44322,82.01813
179,173.44824,0.033468645,0.41373217,185.21393,153.76418,57.65734
180,139.32837,0.11112393,0.31166932,748.3984,847.3437,362.72183
181,158.31485,0.05851368,0.32769927,229.32002,190.3692,81.92904
182,127.70652,0.09754158,0.13353728,245.85065,166.69801,83.04305
183,160.30063,0.08875246,0.40195206,307.78156,364.76764,152.78613
184,110.517914,0.15397914,0.11810242,495.3444,486.84018,228.1976
185,126.8565,0.13306075,0.2378711,770.3744,848.2782,376.0633
186,200.57642,-0.009255013,0.5232422,282.68237,262.46713,103.39198
187,197.03923,0.007923395,0.58238053,28.130556,-11.758596,-13.181391
188,195.47923,-0.014222908,0.5213396,571.9965,571.43207,242.25285
189,203.00317,-0.01269805,0.55654526,282.2367,272.36865,103.996216
190,191.92122,-0.011467143,0.49853393,299.51587,259.5061,102.236534
191,189.04443,0.001660847,0.50356674,564.47046,576.5722,248.8725
192,169.17638,0.031811856,0.34829038,593.7355,575.0994,257.9437
193,228.77719,-0.044672012,0.70963454,159.55968,142.01369,35.51026
194,183.26303,0.05548701,0.55208945,230.15292,301.49728,114.53733
195,167.6069,0.017557621,0.35060537,614.7972,573.65436,261.93225
196,227.81851,-0.03707783,0.72477126,258.7741,295.7855,98.34107
197,197.89485,0.00071023114,0.56038487,306.62863,318.84567,124.134254
198,217.72313,-0.036625154,0.6667359,524.25275,564.6019,224.22847
199,125.1141,0.13365549,0.21925695,480.45334,472.4892,212.95692
200,81.830986,0.19786811,-0.04390337,797.7487,791.4402,365.5432
201,186.14322,0.02441528,0.52932835,52.124607,26.40864,9.042799
202,215.41512,-0.0359732,0.63419276,297.3552,288.2481,103.11698
203,143.22337,0.064254805,0.22395115,637.30945,608.3908,280.79813
204,204.3387,-0.00973124,0.6154261,167.8649,173.34984,52.53855
205,99.9244,0.16896237,0.02136348,125.719086,37.726997,30.128645
206,118.31036,0.14929372,0.15920909,723.05707,788.5354,349.39624
207,119.282074,0.13748121,0.1638601,421.84476,430.30017,195.7863
208,167.00354,0.036723014,0.38544345,24.398592,-51.782097,-16.302378
209,210.8455,-0.017053556,0.636801,516.42395,568.62714,232.30882
210,177.24771,0.014644313,0.44107357,194.67255,127.62635,53.934593
211,105.6817,0.15299563,0.080062106,743.9207,757.245,342.6846
212,132.94653,0.11108872,0.21267365,89.45462,30.703745,19.177618
213,122.20556,0.14953956,0.16384344,329.37817,329.70923,144.39613
214,210.31206,-0.015997894,0.6273521,485.53137,540.5013,220.27588
215,122.19408,0.14275071,0.19114779,525.74475,563.44434,248.13109
216,115.32748,0.13961981,0.13416825,763.55817,813.9042,361.08752
217,207.04332,-0.015601522,0.6192466,36.230366,-8.4054165,-19.544641
218,177.93129,0.021001885,0.41799518,555.5323,561.89197,248.76257
219,212.00534,-0.030269258,0.62950355,270.22415,273.01834,93.54063
220,217.07098,-0.021586739,0.6898548,44.28281,15.083963,-13.00532
221,210.5698,-0.019262403,0.6230484,516.20245,559.15857,229.15524
222,125.24141,0.13079119,0.21456979,664.8106,691.9285,307.5162
223,218.51001,-0.035183728,0.6438048,525.6393,562.57526,229.25966
224,181.97102,0.003289935,0.4529753,305.3714,255.39363,105.98467
225,131.36736,0.12718421,0.27659827,731.45874,807.4146,354.77185
226,166.88713,0.040722266,0.39719614,33.847843,-36.449425,-9.943415
227,172.53418,0.022848116,0.3857978,614.52673,602.5867,265.23376
228,233.0312,-0.052370504,0.7382786,488.8367,552.61383,214.4881
229,196.93236,-0.006645213,0.55381864,184.5731,158.55478,54.87159
230,192.01474,0.00018639941,0.50484884,156.702,118.382454,39.75689
231,184.0054,0.004389693,0.45448333,208.32614,143.87357,57.354095
232,123.11974,0.13952439,0.21561073,365.6873,337.726,156.97266
233,139.30507,0.10798888,0.2637207,330.9457,342.21094,148.51837
234,109.43443,0.1619735,0.14089774,757.2428,804.1513,356.63272
235,186.7491,-0.010629236,0.46462533,567.6079,547.1933,237.44879
236,206.8977,-0.001810643,0.6051323,23.884096,-11.394583,-15.501749
237,111.93014,0.14571007,0.122711465,728.69617,751.53094,340.39255
238,169.6381,0.042262018,0.39761984,363.29953,351.4066,151.70085
239,138.9707,0.08580731,0.21575473,27.49608,-83.088585,-18.897074
240,165.4888,0.045449395,0.39602306,651.4066,679.02765,300.8165
241,156.9259,0.09374226,0.41177234,452.0129,532.02344,221.73405
242,111.533516,0.14297374,0.06605177,132.4497,57.7239,34.990257
243,115.50354,0.14877594,0.1629401,489.75076,473.1948,216.74892
244,165.31822,0.040741187,0.39029992,44.371693,-38.37722,-10.802637
245,199.36455,-0.0096172085,0.5909864,507.75882,535.7873,220.85173
246,169.57187,0.024482388,0.3302075,313.02042,245.99707,110.990685
247,139.12604,0.10759521,0.27553076,688.76465,766.7273,329.37933
248,158.17137,0.040531028,0.31950113,597.4639,580.7116,263.2726
249,214.75981,-0.029989883,0.6509484,490.1536,521.5197,208.67697
250,75.63983,0.20563027,-0.10005452,830.52435,817.8441,378.18246
251,212.79652,-0.02064699,0.647386,530.2072,588.4471,239.48341
252,123.77333,0.13475733,0.21344475,510.95392,534.1124,240.34337
253,207.231,-0.035420783,0.5745557,582.31903,582.82355,241.9335
254,146.36314,0.09183716,0.3240088,613.6016,695.00653,300.03284
255,107.64098,0.16069913,0.06441362,332.76355,302.2062,140.11333
256,224.20326,-0.04068297,0.70903045,440.39664,484.23325,185.16714
257,195.3117,0.009206151,0.54343975,32.991886,-12.998251,-11.783365
258,118.87971,0.1389762,0.18735118,721.6269,750.9793,334.75375
259,168.14091,0.071272664,0.4179129,125.92633,134.44136,51.280388
260,170.8838,0.067322634,0.49290138,536.9884,665.5065,275.31125
261,172.84111,0.021097103,0.40757447,627.8537,618.01184,276.16525
262,214.89911,-0.019892544,0.6450504,259.21667,278.25766,99.24987
263,216.20424,-0.023198918,0.66841406,461.63855,523.9366,207.81201
264,228.713,-0.04941479,0.71223027,271.3161,289.31335,93.92532
265,172.07632,0.02150322,0.36971578,329.6575,268.31815,120.47416
266,98.025536,0.18171991,0.058404636,536.8421,510.68567,234.29578
267,157.47177,0.05046802,0.32017794,52.71729,-36.79882,-7.454523
268,169.42577,0.030981354,0.38979644,656.8598,666.7027,294.28925
269,116.18276,0.1422478,0.12254013,464.0907,459.2694,196.83954
270,172.5468,0.037438754,0.44227096,563.694,598.4526,261.27048
271,224.94672,-0.04688496,0.68882066,515.0341,548.541,216.11392
272,185.66473,0.0008195088,0.45977432,190.31133,128.9215,47.776115
273,135.31223,0.13446176,0.21112563,173.8031,159.80086,68.16221
274,134.8491,0.11837095,0.26013818,694.0083,771.92865,338.77362
275,115.513855,0.15033142,0.15887843,505.45953,511.82843,231.73969
276,124.88311,0.13120534,0.15986215,306.10043,300.32483,137.87248
277,198.00948,-0.009133684,0.5599792,560.8395,576.1956,244.51958
278,102.79379,0.188943,0.035864603,211.77425,175.93675,91.49349
279,152.74448,0.093544714,0.32817715,85.49399,48.663918,17.932135
280,122.0965,0.14804782,0.13985042,145.23552,93.621574,50.128746
281,183.38185,0.017752687,0.4699638,206.354,162.82494,67.242035
282,201.08151,-0.013076595,0.5638819,285.98834,281.36768,104.5303
283,175.35678,0.013742582,0.39773133,378.56097,313.0944,141.03674
284,74.81174,0.22143684,-0.092429474,534.98114,485.73898,236.1833
285,124.16228,0.13824102,0.1933072,297.19797,279.16214,129.31316
286,132.54042,0.12060326,0.25870004,659.38873,719.4369,306.86893
287,192.28307,0.008876861,0.5243096,27.989641,-30.732412,-21.191156
288,138.7327,0.07340763,0.18941878,237.92401,146.87242,71.839096
289,183.18222,0.013086249,0.480514,40.004017,-33.301323,-15.051401
290,187.15839,0.0077532465,0.47774532,338.45886,310.72498,131.5735
291,206.26169,-0.020969719,0.58113736,513.6169,524.97046,216.90773
292,206.10504,-0.020533495,0.59398025,285.78934,281.31024,103.849236
293,163.04755,0.04170526,0.32807294,360.10043,306.29263,138.46494
294,206.31497,-0.007933418,0.61994576,30.574282,-3.0930998,-15.531
295,96.68585,0.18034159,0.018583072,345.61395,301.2793,143.80592
296,185.88924,0.002485168,0.45907786,598.5444,592.6901,260.79657
297,113.77371,0.13845506,0.120439515,761.80865,799.17096,351.7303
298,189.46513,0.009729323,0.5300596,40.96001,-4.249716,-11.444483
299,226.57112,-0.04316774,0.702621,489.82324,529.22974,206.97061
300,195.41032,0.011789438,0.56206584,27.82622,-14.785757,-10.693552
301,167.11105,0.035468493,0.35872015,25.580797,-69.84188,-21.790354
302,206.0212,-0.02530536,0.6028291,566.4289,582.6536,241.12245
303,133.9258,0.113057084,0.23449428,212.03183,190.28568,85.934715
304,102.15257,0.18528894,0.08481799,448.3676,450.2483,204.42911
305,153.83742,0.08256694,0.33761823,101.204285,64.6843,29.949339
306,197.28174,-0.0030922398,0.56394,308.2441,320.7103,123.38464
307,208.78384,-0.012718133,0.6387238,35.657276,-5.9175014,-12.792719
308,151.05083,0.09433264,0.33452147,102.21478,83.10642,32.927986
309,196.35791,-0.0002511769,0.53927433,164.76297,143.20868,45.80108
310,107.211525,0.16940488,0.13080843,600.3832,610.1279,281.5742
311,145.1809,0.10258905,0.3467009,682.2075,769.87006,323.91058
312,186.70354,0.008523052,0.50496036,550.3609,566.195,243.42087
313,197.66516,-0.00036466043,0.5286047,161.37326,135.50754,45.362167
314,196.56538,0.011320793,0.52988875,185.5256,173.7451,63.51906
315,147.17119,0.08916209,0.30732962,443.81046,469.13184,196.36722
316,124.58136,0.13800102,0.19398372,482.2668,508.25583,225.8358
317,170.08917,0.021254195,0.39991218,192.35959,130.91435,55.233368
318,66.127625,0.22439127,-0.15246911,812.8669,786.06134,368.46432
319,198.2034,-0.013478677,0.5509522,536.3976,544.76764,229.82603
320,98.959724,0.17247418,0.023229403,762.80273,802.36456,360.58667
321,195.13379,0.013879522,0.57679814,13.696185,-23.351583,-15.487116
322,212.47205,-0.043172836,0.60665745,531.43,528.92865,215.14929
323,120.44437,0.1441065,0.19579457,756.6925,820.6557,363.298
324,184.91383,0.032764018,0.49112692,30.967348,-8.80303,-2.7036836
325,154.74692,0.088234946,0.35179594,117.264435,107.84864,43.805786
326,203.6809,-0.021736197,0.5883332,181.10901,155.90277,48.267326
327,154.60938,0.056025002,0.30387148,41.440113,-58.526207,-14.733896
328,101.48803,0.17076355,0.032772373,146.459,74.405815,47.488876
329,155.56366,0.08760798,0.39660603,283.3424,300.17474,128.0979
330,230.51407,-0.047765687,0.7313944,484.66965,549.0987,212.93663
331,226.52412,-0.044517152,0.7084583,165.323,164.86334,42.969666
332,198.92079,-0.014677017,0.5714387,520.1711,529.139,220.23676
333,124.58646,0.1390047,0.22843246,521.88257,549.31854,250.05232
334,145.0296,0.10484897,0.30825388,234.41975,247.01183,102.34173
335,105.14045,0.16836357,0.06025852,356.93863,338.91373,156.70273
336,184.43591,0.009248768,0.4831688,45.430973,-23.094076,-14.1574955
337,143.41687,0.09542209,0.33776808,654.3631,725.5335,310.90225
338,120.61742,0.13810062,0.1722567,444.76443,445.2022,200.31464
339,121.06671,0.14403684,0.15933503,354.03494,345.0757,151.79153
340,140.178,0.08409497,0.21699668,214.10425,150.34616,73.45989
341,215.09221,-0.023305051,0.64201,163.32895,164.40163,46.288116
342,115.77142,0.15215163,0.17263083,801.3397,873.96466,380.62366
343,173.5417,0.024060586,0.43791196,646.1731,653.34955,289.61575
344,172.85428,0.023890648,0.43280888,50.349644,-19.419485,-6.3998966
345,187.74167,0.0044688703,0.49047878,568.4691,573.0263,245.33145
346,196.68921,-0.015176701,0.5101994,540.9967,533.366,230.0529
347,196.11815,-0.0066111004,0.5205293,145.90129,101.66216,31.328932
348,156.70816,0.051922087,0.33165103,28.139986,-63.434288,-17.12707
349,108.29326,0.1502795,0.10498838,766.47455,797.9979,359.58734
350,116.25787,0.14861324,0.15074061,503.03403,518.33246,232.98428
351,98.908356,0.18453057,0.021789564,176.22134,118.69921,67.15388
352,206.05428,-0.016738828,0.6056988,301.13126,303.2933,112.79959
353,111.71116,0.14401153,0.0766951,157.83006,93.51873,53.78553
354,139.27188,0.12010373,0.25612345,133.69652,97.24787,42.906525
355,81.94883,0.20715658,-0.03377982,594.69836,559.7748,265.51947
356,148.19226,0.059008542,0.26204553,724.1856,702.26624,319.60797
357,159.33261,0.03670551,0.30750388,50.26752,-80.794395,-22.046824
358,138.3075,0.103353344,0.27513152,426.27203,439.21344,192.58003
359,109.8885,0.15062428,0.10906823,710.4234,734.7736,331.34067
360,207.65216,-0.012618276,0.6143797,33.79613,-11.008474,-19.821863
361,167.65852,0.014792423,0.3423379,581.3103,527.9754,243.316
362,124.85434,0.1243746,0.21928193,787.9469,834.74005,368.745
363,119.546364,0.13619904,0.14874272,707.68677,750.8688,330.1158
364,100.8228,0.17507048,0.09034188,624.0541,619.69775,284.59146
365,224.08017,-0.03821139,0.7020014,269.49188,295.9384,98.71273
366,134.83356,0.12606385,0.22470243,161.83826,147.42064,67.948875
367,214.8767,-0.033638783,0.6344815,179.45499,159.8195,45.413734
368,181.55081,0.012350981,0.45003498,560.21686,571.9381,250.65355
369,178.4014,0.033950165,0.44502482,327.98746,333.02475,138.57014
370,128.37886,0.12762585,0.23782189,700.5403,765.1007,333.76328
371,221.14175,-0.040793315,0.69399536,526.32623,570.0471,223.67798
372,185.60551,0.009927657,0.4831818,585.3954,605.4318,262.30347
373,185.24583,0.028414302,0.52136123,18.58835,-28.144583,-15.483255
374,167.56448,0.029112771,0.33690092,565.51154,548.357,247.62332
375,196.14409,-0.007070939,0.51664466,286.19455,263.4911,101.59044
376,101.45214,0.18085077,0.054101896,309.86505,268.21503,128.07457
377,213.75154,-0.030130193,0.6560414,486.94,522.4338,206.84805
378,192.37056,0.0064943032,0.5488281,534.19244,572.00323,242.731
379,184.20555,0.015573298,0.47682324,24.476412,-32.57171,-18.816446
380,116.46174,0.13920824,0.14938377,693.96906,719.4427,323.35788
381,130.84235,0.13481252,0.22364296,387.2475,422.05475,185.12741
382,134.27759,0.11495778,0.24522193,614.2322,673.88074,295.18936
383,102.375786,0.17918944,0.034809154,170.8377,113.416466,61.03138
384,152.82259,0.09599498,0.38654578,502.04218,578.7825,244.70514
385,112.15016,0.14897186,0.13981055,778.2275,817.2989,366.77405
386,220.46646,-0.0374571,0.6634437,162.18149,149.48424,36.440544
387,143.72299,0.07128252,0.21230061,323.15295,260.1454,123.68167
388,143.57817,0.10763792,0.26751542,103.381546,58.669624,33.505547
389,140.59848,0.101615325,0.32241127,695.3539,757.39026,327.92798
390,149.87794,0.057240043,0.25871173,226.30363,139.84879,67.4347
391,181.59914,0.024982436,0.44497868,305.8003,289.42218,119.86286
392,184.74673,0.020140182,0.48866552,558.22327,586.9173,252.56934
393,219.58008,-0.040537417,0.6810532,495.56155,535.121,210.5435
394,115.87853,0.14781192,0.15808581,473.76236,481.04288,221.22305
395,125.24954,0.13159795,0.16076334,95.80902,27.77421,19.969557
396,217.809,-0.040623926,0.67107636,517.28375,545.7362,215.01414
397,144.59714,0.07479465,0.24234615,209.95332,154.22295,69.400505
398,213.62473,-0.031198509,0.632114,278.75043,281.8853,98.43205
399,142.00691,0.084784724,0.23269124,409.34003,377.23795,173.8673
400,118.63417,0.14708722,0.1914445,732.0295,792.33026,346.79346
401,118.675446,0.1521805,0.14079668,138.19592,104.12507,48.626335
402,102.755615,0.17587422,0.064933345,388.32886,364.17703,168.57343
403,163.64542,0.0435179,0.36775503,655.28656,667.14795,295.8904
404,115.96264,0.14754543,0.1712325,798.73206,857.8578,382.703
405,108.02252,0.16410626,0.09759559,393.44077,357.45883,168.52144
406,179.14546,0.016904688,0.45787284,621.0109,626.58136,275.75677
407,178.84953,0.011694596,0.42606303,521.91583,515.3496,226.17395
408,177.51488,0.0235842,0.43694448,573.098,592.3656,259.7174
409,119.64254,0.1386352,0.17396854,718.42163,751.18427,334.16452
410,204.80064,-0.031202987,0.56895775,553.8051,553.4398,228.38548
411,208.51361,-0.023477465,0.62192655,514.09814,556.8018,224.72226
412,198.38783,-0.0017077132,0.5553913,39.145435,-13.001852,-15.349604
413,212.71996,-0.011548533,0.6749632,42.80631,27.99763,-3.5033662
414,134.85709,0.123964116,0.2755876,451.77994,485.64682,214.91556
415,197.3127,-0.0033187785,0.5863065,51.70133,4.7665806,-9.230005
416,105.9164,0.16121165,0.077010915,746.7204,785.22296,352.35098
417,140.21666,0.107844405,0.31183365,658.04614,713.46655,310.7881
418,208.33275,-0.0113948425,0.61666447,270.31195,289.25195,104.67947
419,132.12639,0.11413829,0.22228654,115.69565,78.89217,38.046158
420,190.98193,0.009002098,0.50411534,301.65106,297.73425,118.59584
421,196.7189,0.00196039,0.52754927,287.4951,282.14166,111.38699
422,192.75558,-0.005977477,0.54132855,588.46735,594.65656,254.75256
423,189.69008,0.017206449,0.53114647,14.486896,-25.13143,-15.907434
424,118.348495,0.14878047,0.13343765,161.06638,106.51534,60.205864
425,187.9215,0.005558965,0.4864055,341.86902,308.8697,131.98705
426,170.50464,0.040670622,0.3975739,-3.123014,-79.96847,-27.27839
427,101.76684,0.16392262,0.054184835,803.5947,835.2461,370.67703
428,137.13231,0.080213696,0.20190622,692.1652,686.9282,314.85056
429,195.51888,-0.018815495,0.53944534,552.7276,548.0271,229.25081
430,130.64867,0.11425489,0.22407927,618.91235,646.3266,283.525
431,129.1702,0.12354925,0.23944731,472.4301,481.815,216.69983
432,179.03223,0.009262496,0.39939788,581.2572,557.4543,247.74278
433,127.77172,0.13230233,0.24201696,684.0436,730.29675,322.87085
434,101.41614,0.16623597,0.04462583,493.88608,479.67688,222.5541
435,195.16858,-0.0008002921,0.5584881,315.67313,317.7863,123.98424
436,161.85442,0.035902414,0.34402412,192.09985,128.7631,56.47029
437,194.87297,0.007440918,0.5324583,180.32744,172.1657,59.417007
438,122.168625,0.13623458,0.20331942,530.53656,543.5654,248.21375
439,99.99153,0.1774476,0.06671895,595.92175,599.6199,275.87164
440,219.93997,-0.021940596,0.7146631,43.44788,26.323282,-6.6262608
441,121.13234,0.11948254,0.13425826,397.72858,354.96057,169.93523
442,213.02231,-0.026804715,0.63904953,484.24353,515.7442,207.36012
443,188.17354,0.0014204317,0.51948434,178.7896,143.45464,49.391296
444,176.57156,-0.002207841,0.37992376,572.70825,510.55997,231.26202
445,103.9726,0.1690766,0.10875748,816.6249,858.1324,388.13007
446,142.34488,0.07603782,0.22744451,258.31393,190.02954,90.93552
447,96.30389,0.18821721,0.029861791,383.7054,347.65378,164.14311
448,105.640854,0.16478796,0.11363377,813.11707,853.90173,377.10178
449,156.63507,0.046562545,0.32464698,607.98,604.6459,269.32556
450,215.12054,-0.0336274,0.63534,547.2205,572.6932,232.82027
451,154.44838,0.0886062,0.3904303,566.1191,647.1174,270.84634
452,200.18382,-0.0013160623,0.57693213,14.777713,-31.53417,-24.653467
453,204.24927,-0.01751038,0.57129246,578.06274,599.1402,254.03566
454,198.32465,0.0005641513,0.53013813,198.07768,175.90474,63.65274
455,220.40054,-0.03847961,0.6585992,262.1468,266.39008,89.23839
456,219.29147,-0.025928184,0.6756696,172.6851,176.8602,49.709015
457,118.740944,0.13654101,0.12471722,146.83755,97.36393,48.058807
458,148.67319,0.09954587,0.34856832,425.56833,473.3128,199.09549
459,171.62813,0.03117948,0.39359683,210.37546,167.63889,67.99288
460,110.023796,0.1387618,0.05957366,143.39288,62.903694,39.30561
461,201.37013,-0.0005170285,0.56992835,179.97324,169.61295,55.08806
462,212.43486,-0.020467632,0.6276291,166.13162,165.04665,48.658867
463,217.73007,-0.030128904,0.6564893,270.57953,285.60663,98.6385
464,160.25072,0.085919105,0.40117776,240.33739,288.2958,116.14731
465,207.06067,-0.026012741,0.58799344,555.0119,568.27246,235.80992
466,131.94002,0.13523602,0.23318456,316.69495,338.699,147.57501
467,103.89067,0.15923637,0.06274335,710.943,728.4299,329.4896
468,181.29991,0.014997962,0.45327124,151.8566,110.27842,41.904617
469,159.5145,0.0773665,0.36970088,114.709946,104.06284,43.520805
470,187.24303,0.009521508,0.493703,555.29663,583.034,251.42708
471,100.957954,0.17576523,0.013318461,181.97389,126.443184,69.18884
472,191.28668,0.006156479,0.49698037,158.90433,126.161354,43.295616
473,220.77794,-0.030864522,0.6905865,38.87357,6.617777,-16.72941
474,208.6131,-0.018519383,0.6296271,161.3673,151.30957,43.64512
475,182.81288,0.015058734,0.46772003,194.93098,151.42729,61.210625
476,147.2151,0.09542565,0.3410419,584.6729,650.3712,280.2618
477,92.88213,0.18233638,0.019647134,572.54626,542.4549,254.28868
478,229.31657,-0.041650943,0.7042051,186.89597,193.4274,52.80358
479,88.10611,0.19696963,0.002749187,803.5326,809.49756,371.92
480,107.35177,0.15377143,0.051306438,132.5369,55.353508,38.012024
481,185.98239,-0.0028911822,0.46645543,613.06464,592.80536,266.64047
482,109.55072,0.16565336,0.119454935,419.93182,415.26465,191.99194
483,133.60402,0.116518766,0.27315834,413.69547,412.86407,181.68419
484,174.03941,0.01487969,0.37892228,633.92065,613.15546,274.46332
485,149.2796,0.10973041,0.30878547,147.88565,157.77061,67.83107
486,211.5692,-0.01781831,0.62456435,286.17844,293.07953,109.82825
487,125.330025,0.13888873,0.1820079,139.35652,115.0232,55.25435
488,166.96916,0.04294454,0.40379906,614.5048,642.2205,280.21225
489,166.31743,0.03769677,0.3741331,39.25826,-45.757713,-11.465448
490,214.5821,-0.032861754,0.62602484,270.2821,265.8387,91.303246
491,206.73985,-0.026230961,0.6155165,492.46393,522.89606,210.1238
